{"cameraMode":{"drawMode":0,"name":"Shaded","section":"Shading Mode"},"sceneLighting":true,"audioPlay":false,"sceneViewState":{"showFog":true,"showMaterialUpdate":false,"showSkybox":false,"showFlares":true,"showImageEffects":true,"showParticleSystems":true},"in2DMode":false,"pivot":{"x":18.505098342895509,"y":-9.33328914642334,"z":12.046586990356446},"rotation":{"x":0.2201882004737854,"y":0.46865978837013247,"z":-0.12186647951602936,"w":0.8467734456062317},"size":15.946723937988282,"orthographic":false}