{"cameraMode":{"drawMode":0,"name":"Shaded","section":"Shading Mode"},"sceneLighting":true,"audioPlay":false,"sceneViewState":{"showFog":true,"showMaterialUpdate":false,"showSkybox":false,"showFlares":true,"showImageEffects":true,"showParticleSystems":true},"in2DMode":false,"pivot":{"x":16.92551612854004,"y":-9.005545616149903,"z":12.246835708618164},"rotation":{"x":0.2083815187215805,"y":0.4437543451786041,"z":-0.10690142214298248,"w":0.8650039434432983},"size":13.380043983459473,"orthographic":false}