{"cameraMode":{"drawMode":0,"name":"Shaded","section":"Shading Mode"},"sceneLighting":true,"audioPlay":false,"sceneViewState":{"showFog":true,"showMaterialUpdate":false,"showSkybox":false,"showFlares":true,"showImageEffects":true,"showParticleSystems":true},"in2DMode":false,"pivot":{"x":3.4301624298095705,"y":0.23725526034832,"z":2.838501453399658},"rotation":{"x":0.19494810700416566,"y":0.3018447756767273,"z":-0.06320055574178696,"w":0.9310708045959473},"size":3.219618082046509,"orthographic":false}