{"cameraMode":{"drawMode":0,"name":"Shaded","section":"Shading Mode"},"sceneLighting":true,"audioPlay":false,"sceneViewState":{"showFog":true,"showMaterialUpdate":false,"showSkybox":false,"showFlares":true,"showImageEffects":true,"showParticleSystems":true},"in2DMode":false,"pivot":{"x":13.016347885131836,"y":-8.130842208862305,"z":8.859423637390137},"rotation":{"x":0.24334383010864259,"y":0.4918152093887329,"z":-0.14537203311920167,"w":0.8232701420783997},"size":11.660545349121094,"orthographic":false}