{"cameraMode":{"drawMode":0,"name":"Shaded","section":"Shading Mode"},"sceneLighting":true,"audioPlay":false,"sceneViewState":{"showFog":true,"showMaterialUpdate":false,"showSkybox":false,"showFlares":true,"showImageEffects":true,"showParticleSystems":true},"in2DMode":false,"pivot":{"x":17.81450653076172,"y":-7.786149978637695,"z":12.077983856201172},"rotation":{"x":0.2083815187215805,"y":0.4437543451786041,"z":-0.10690142214298248,"w":0.8650039434432983},"size":13.869232177734375,"orthographic":false}