{"cameraMode":{"drawMode":0,"name":"Shaded","section":"Shading Mode"},"sceneLighting":true,"audioPlay":false,"sceneViewState":{"showFog":true,"showMaterialUpdate":false,"showSkybox":false,"showFlares":true,"showImageEffects":true,"showParticleSystems":true},"in2DMode":false,"pivot":{"x":10.141132354736329,"y":-8.795888900756836,"z":7.7063117027282719},"rotation":{"x":0.34016725420951846,"y":0.34976842999458315,"z":-0.13804197311401368,"w":0.861914873123169},"size":9.903459548950196,"orthographic":false}