{"cameraMode":{"drawMode":0,"name":"Shaded","section":"Shading Mode"},"sceneLighting":true,"audioPlay":false,"sceneViewState":{"showFog":true,"showMaterialUpdate":false,"showSkybox":false,"showFlares":true,"showImageEffects":true,"showParticleSystems":true},"in2DMode":false,"pivot":{"x":12.948138236999512,"y":-13.97922134399414,"z":11.273361206054688},"rotation":{"x":0.3559626638889313,"y":0.3730638027191162,"z":-0.15768411755561829,"w":0.8421705365180969},"size":12.953052520751954,"orthographic":false}