{"cameraMode":{"drawMode":0,"name":"Shaded","section":"Shading Mode"},"sceneLighting":true,"audioPlay":false,"sceneViewState":{"showFog":true,"showMaterialUpdate":false,"showSkybox":false,"showFlares":true,"showImageEffects":true,"showParticleSystems":true},"in2DMode":false,"pivot":{"x":2.6602768898010256,"y":-0.34556037187576296,"z":2.5959134101867677},"rotation":{"x":0.3342199921607971,"y":0.3213215172290802,"z":-0.12237906455993653,"w":0.8775392174720764},"size":3.819617986679077,"orthographic":false}