{"cameraMode":{"drawMode":0,"name":"Shaded","section":"Shading Mode"},"sceneLighting":true,"audioPlay":false,"sceneViewState":{"showFog":true,"showMaterialUpdate":false,"showSkybox":false,"showFlares":true,"showImageEffects":true,"showParticleSystems":true},"in2DMode":false,"pivot":{"x":3.466653347015381,"y":-16.50343132019043,"z":-13.860905647277832},"rotation":{"x":0.0001004064833978191,"y":0.940772533416748,"z":-0.3390417993068695,"w":0.00027872362989000976},"size":16.067258834838868,"orthographic":false}